depth,object_size,variant,strategy,median_ms,p90_ms,p99_ms,mean_ms,total_time_s,num_op,native_count,func_count,pushback_count,profiler_fallback_count,profiler_override,source_csv,source_invocation_log,oracle_side,selected_side,placement_correct_rate,oracle_median_ms,oracle_total_time_s,normalized_median_latency,normalized_total_latency,normalized_regret
1,1024,local,local,0.16808509826660156,0.1965045928955078,0.25553941726684554,0.1712203025817871,0.06575298309326172,300,300,0,0,0,,matrix_depth1_size1024_local.csv,invocations_depth1_size1024_local.jsonl,local,local,1.0,0.16808509826660156,0.06575298309326172,1.0,1.0,1.0
1,1024,remote,remote,0.7752180099487305,0.9103536605834961,1.0360002517700195,0.7738931973775228,0.2588469982147217,300,0,300,0,0,,matrix_depth1_size1024_remote.csv,invocations_depth1_size1024_remote.jsonl,local,remote,0.0,0.16808509826660156,0.06575298309326172,4.612056737588652,3.936657867637461,4.520220938058437
1,1024,faaspe,faaspe,0.14388561248779297,0.16765594482421875,0.2547311782836907,0.1504333813985189,0.07261896133422852,300,300,0,0,0,,matrix_depth1_size1024_faaspe.csv,invocations_depth1_size1024_faaspe.jsonl,local,local,1.0,0.16808509826660156,0.06575298309326172,0.8560283687943262,1.1044207869813045,1.0
1,1024,static-only,faaspe,0.1366138458251953,0.15478134155273438,0.21368026733398432,0.13608217239379883,0.06098175048828125,300,300,0,0,0,,matrix_depth1_size1024_static-only.csv,invocations_depth1_size1024_static-only.jsonl,local,local,1.0,0.16808509826660156,0.06575298309326172,0.8127659574468085,0.9274370168390212,1.0
1,1024,arbiter-only,faaspe,0.26977062225341797,0.42054653167724615,0.5046868324279783,0.3002595901489258,0.1352074146270752,300,300,0,0,0,,matrix_depth1_size1024_arbiter-only.csv,invocations_depth1_size1024_arbiter-only.jsonl,local,local,1.0,0.16808509826660156,0.06575298309326172,1.6049645390070921,2.056293239734869,1.0
1,1024,runtime-only,faaspe,0.240325927734375,0.4332542419433624,0.8642745018005371,0.2689027786254883,0.11415386199951172,300,270,30,0,3,native,matrix_depth1_size1024_runtime-only.csv,invocations_depth1_size1024_runtime-only.jsonl,local,local,0.9,0.16808509826660156,0.06575298309326172,1.4297872340425533,1.7361016432912237,1.300619647705911
2,1024,local,local,0.28908252716064453,0.3090381622314453,0.3437304496765135,0.2916073799133301,0.10188984870910645,300,300,0,0,0,,matrix_depth2_size1024_local.csv,invocations_depth2_size1024_local.jsonl,local,local,1.0,0.28908252716064453,0.10188984870910645,1.0,1.0,1.0
2,1024,remote,remote,0.8766651153564453,1.0327339172363281,1.117258071899414,0.8702588081359863,0.29805660247802734,300,0,300,0,0,,matrix_depth2_size1024_remote.csv,invocations_depth2_size1024_remote.jsonl,local,remote,0.0,0.28908252716064453,0.10188984870910645,3.0325773195876287,2.9252826091534714,2.984351110711395
2,1024,faaspe,faaspe,0.2765655517578125,0.2954244613647461,0.3121423721313476,0.2686031659444173,0.10612916946411133,300,300,0,0,0,,matrix_depth2_size1024_faaspe.csv,invocations_depth2_size1024_faaspe.jsonl,local,local,1.0,0.28908252716064453,0.10188984870910645,0.9567010309278351,1.0416069000858768,1.0
2,1024,static-only,faaspe,0.30350685119628906,0.7757902145385744,0.8667349815368651,0.4121239980061849,0.16181468963623047,300,300,0,0,0,,matrix_depth2_size1024_static-only.csv,invocations_depth2_size1024_static-only.jsonl,local,local,1.0,0.28908252716064453,0.10188984870910645,1.0498969072164948,1.5881335745056242,1.0
2,1024,arbiter-only,faaspe,0.26857852935791016,0.34935474395751953,0.3755450248718261,0.2733453114827474,0.10790610313415527,300,300,0,0,0,,matrix_depth2_size1024_arbiter-only.csv,invocations_depth2_size1024_arbiter-only.jsonl,local,local,1.0,0.28908252716064453,0.10188984870910645,0.9290721649484536,1.0590466518624944,1.0
2,1024,runtime-only,faaspe,0.31280517578125,0.5200147628784182,0.848708152770996,0.3576262791951497,0.14095711708068848,300,270,30,0,3,native,matrix_depth2_size1024_runtime-only.csv,invocations_depth2_size1024_runtime-only.jsonl,local,local,0.9,0.28908252716064453,0.10188984870910645,1.0820618556701032,1.3834265029003854,1.1322960697904487
3,1024,local,local,0.31554698944091797,0.33507347106933594,0.3728604316711424,0.3194793065388997,0.10773634910583496,300,300,0,0,0,,matrix_depth3_size1024_local.csv,invocations_depth3_size1024_local.jsonl,local,local,1.0,0.31554698944091797,0.10773634910583496,1.0,1.0,1.0
3,1024,remote,remote,0.766754150390625,0.8942127227783204,0.9950590133666991,0.7633495330810547,0.2569591999053955,300,0,300,0,0,,matrix_depth3_size1024_remote.csv,invocations_depth3_size1024_remote.jsonl,local,remote,0.0,0.31554698944091797,0.10773634910583496,2.4299206649036647,2.3850743229935447,2.3893551709212484
3,1024,faaspe,faaspe,0.47087669372558594,0.5937099456787109,0.6952834129333496,0.47394434611002606,0.1781926155090332,300,300,0,0,0,,matrix_depth3_size1024_faaspe.csv,invocations_depth3_size1024_faaspe.jsonl,local,local,1.0,0.31554698944091797,0.10773634910583496,1.4922553834529657,1.6539693147944472,1.0
3,1024,static-only,faaspe,0.43761730194091797,0.7776260375976562,0.9084606170654291,0.5200505256652832,0.18857622146606445,300,300,0,0,0,,matrix_depth3_size1024_static-only.csv,invocations_depth3_size1024_static-only.jsonl,local,local,1.0,0.31554698944091797,0.10773634910583496,1.3868530411786928,1.7503490978779717,1.0
3,1024,arbiter-only,faaspe,0.605463981628418,0.7305383682250978,0.812530517578125,0.5451114972432455,0.1896817684173584,300,300,0,0,0,,matrix_depth3_size1024_arbiter-only.csv,invocations_depth3_size1024_arbiter-only.jsonl,local,local,1.0,0.31554698944091797,0.10773634910583496,1.9187759727993956,1.7606106944558166,1.0
3,1024,runtime-only,faaspe,0.5490779876708984,0.7320404052734375,0.8194231986999507,0.5525358517964681,0.21094155311584473,300,270,30,0,3,native,matrix_depth3_size1024_runtime-only.csv,invocations_depth3_size1024_runtime-only.jsonl,local,local,0.9,0.31554698944091797,0.10773634910583496,1.7400831129580658,1.957942281008854,1.1186548191782049
4,1024,local,local,0.594019889831543,0.7332563400268555,0.8223462104797361,0.6321446100870768,0.2084367275238037,300,300,0,0,0,,matrix_depth4_size1024_local.csv,invocations_depth4_size1024_local.jsonl,local,local,1.0,0.594019889831543,0.2084367275238037,1.0,1.0,1.0
4,1024,remote,remote,0.7674694061279297,0.8652448654174805,0.9300780296325684,0.7410955429077148,0.24925804138183594,300,0,300,0,0,,matrix_depth4_size1024_remote.csv,invocations_depth4_size1024_remote.jsonl,local,remote,0.0,0.594019889831543,0.2084367275238037,1.291992775436484,1.195845110134779,1.1939498781778728
4,1024,faaspe,faaspe,1.055002212524414,1.275634765625,1.3275289535522459,1.0427029927571614,0.3778667449951172,300,300,0,0,0,,matrix_depth4_size1024_faaspe.csv,invocations_depth4_size1024_faaspe.jsonl,local,local,1.0,0.594019889831543,0.2084367275238037,1.7760385310054185,1.8128606675230228,1.0
4,1024,static-only,faaspe,0.6582736968994141,0.6974935531616211,0.7477068901062012,0.6195274988810221,0.21238040924072266,300,300,0,0,0,,matrix_depth4_size1024_static-only.csv,invocations_depth4_size1024_static-only.jsonl,local,local,1.0,0.594019889831543,0.2084367275238037,1.1081677704194262,1.0189202822543286,1.0
4,1024,arbiter-only,faaspe,0.7281303405761719,0.861668586730957,0.9940409660339354,0.6975658734639486,0.24702668190002441,300,300,0,0,0,,matrix_depth4_size1024_arbiter-only.csv,invocations_depth4_size1024_arbiter-only.jsonl,local,local,1.0,0.594019889831543,0.2084367275238037,1.2257676098735701,1.1851398975346785,1.0
4,1024,runtime-only,faaspe,0.8455514907836914,1.0986804962158203,1.3666582107543932,0.8177646001180013,0.29172515869140625,300,110,190,0,3,func,matrix_depth4_size1024_runtime-only.csv,invocations_depth4_size1024_runtime-only.jsonl,local,remote,0.36666666666666664,0.594019889831543,0.2084367275238037,1.4234396949628738,1.3995861581452382,1.264482249673758
5,1024,local,local,0.9577274322509766,1.0886907577514648,1.1463260650634761,0.9159183502197266,0.29620814323425293,300,300,0,0,0,,matrix_depth5_size1024_local.csv,invocations_depth5_size1024_local.jsonl,remote,local,0.0,0.7410049438476562,0.24919533729553223,1.2924710424710424,1.1886584494274306,1.2314695083690879
5,1024,remote,remote,0.7410049438476562,0.9294271469116211,1.047956943511963,0.7498041788736979,0.24919533729553223,300,0,300,0,0,,matrix_depth5_size1024_remote.csv,invocations_depth5_size1024_remote.jsonl,remote,remote,1.0,0.7410049438476562,0.24919533729553223,1.0,1.0,1.0
5,1024,faaspe,faaspe,0.8912086486816406,1.0127067565917969,1.0548973083496092,0.8630545934041342,0.3120536804199219,300,0,300,0,0,,matrix_depth5_size1024_faaspe.csv,invocations_depth5_size1024_faaspe.jsonl,remote,remote,1.0,0.7410049438476562,0.24919533729553223,1.2027027027027026,1.252245261916129,1.0
5,1024,static-only,faaspe,0.6873607635498047,0.8288145065307618,0.8829379081726071,0.6766120592753092,0.24696707725524902,300,0,300,0,0,,matrix_depth5_size1024_static-only.csv,invocations_depth5_size1024_static-only.jsonl,remote,remote,1.0,0.7410049438476562,0.24919533729553223,0.9276061776061776,0.9910581792401653,1.0
5,1024,arbiter-only,faaspe,0.8889436721801758,0.9971141815185547,1.0249781608581543,0.8618068695068359,0.3152339458465576,300,0,300,0,0,,matrix_depth5_size1024_arbiter-only.csv,invocations_depth5_size1024_arbiter-only.jsonl,remote,remote,1.0,0.7410049438476562,0.24919533729553223,1.1996460746460746,1.265007400490432,1.0
5,1024,runtime-only,faaspe,0.9379386901855469,1.1211633682250977,1.43629789352417,0.9351476033528646,0.3345606327056885,300,31,269,0,3,func,matrix_depth5_size1024_runtime-only.csv,invocations_depth5_size1024_runtime-only.jsonl,remote,remote,0.8966666666666666,0.7410049438476562,0.24919533729553223,1.2657657657657657,1.342563774814605,1.0440807994301897
6,1024,local,local,0.8862018585205078,1.2824773788452148,1.338107585906982,1.0040648778279622,0.320864200592041,300,300,0,0,0,,matrix_depth6_size1024_local.csv,invocations_depth6_size1024_local.jsonl,remote,local,0.0,0.844120979309082,0.2787754535675049,1.049851715859342,1.150977234494372,1.239418301191852
6,1024,remote,remote,0.844120979309082,0.974249839782715,1.080310344696045,0.8395695686340332,0.2787754535675049,300,0,300,0,0,,matrix_depth6_size1024_remote.csv,invocations_depth6_size1024_remote.jsonl,remote,remote,1.0,0.844120979309082,0.2787754535675049,1.0,1.0,1.0
6,1024,faaspe,faaspe,0.7729530334472656,0.9371042251586915,1.1308526992797852,0.7843120892842611,0.2884180545806885,300,0,300,0,0,,matrix_depth6_size1024_faaspe.csv,invocations_depth6_size1024_faaspe.jsonl,remote,remote,1.0,0.844120979309082,0.2787754535675049,0.9156898743115379,1.0345891321842964,1.0
6,1024,static-only,faaspe,0.7889270782470703,0.96893310546875,1.0782837867736814,0.7767605781555176,0.2838613986968994,300,0,300,0,0,,matrix_depth6_size1024_static-only.csv,invocations_depth6_size1024_static-only.jsonl,remote,remote,1.0,0.844120979309082,0.2787754535675049,0.9346137551193334,1.0182438771574376,1.0
6,1024,arbiter-only,faaspe,0.8031129837036133,0.9577512741088867,1.0200214385986326,0.7971747716267904,0.2825324535369873,300,0,300,0,0,,matrix_depth6_size1024_arbiter-only.csv,invocations_depth6_size1024_arbiter-only.jsonl,remote,remote,1.0,0.844120979309082,0.2787754535675049,0.9514192910605846,1.0134767961863351,1.0
6,1024,runtime-only,faaspe,0.9666681289672852,1.146101951599121,1.5740656852722168,0.9643212954203287,0.345595121383667,300,31,269,0,3,func,matrix_depth6_size1024_runtime-only.csv,invocations_depth6_size1024_runtime-only.jsonl,remote,remote,0.8966666666666666,0.844120979309082,0.2787754535675049,1.1451772348538343,1.2396899259280798,1.0517841811471351
7,1024,local,local,1.2482404708862305,1.4930486679077148,1.5603637695312498,1.2623810768127441,0.4006192684173584,300,300,0,0,0,,matrix_depth7_size1024_local.csv,invocations_depth7_size1024_local.jsonl,remote,local,0.0,0.7971525192260742,0.2638700008392334,1.565874084043667,1.518244844594674,1.5868006613155383
7,1024,remote,remote,0.7971525192260742,0.9231805801391602,0.9968996047973632,0.7955511411031088,0.2638700008392334,300,0,300,0,0,,matrix_depth7_size1024_remote.csv,invocations_depth7_size1024_remote.jsonl,remote,remote,1.0,0.7971525192260742,0.2638700008392334,1.0,1.0,1.0
7,1024,faaspe,faaspe,0.9199380874633789,1.0522127151489258,1.105272769927978,0.9087745348612467,0.3277854919433594,300,0,300,0,0,,matrix_depth7_size1024_faaspe.csv,invocations_depth7_size1024_faaspe.jsonl,remote,remote,1.0,0.7971525192260742,0.2638700008392334,1.1540302078660087,1.2422234088787811,1.0
7,1024,static-only,faaspe,1.0389089584350586,1.1137962341308594,1.1458754539489746,0.9926327069600424,0.3558237552642822,300,0,300,0,0,,matrix_depth7_size1024_static-only.csv,invocations_depth7_size1024_static-only.jsonl,remote,remote,1.0,0.7971525192260742,0.2638700008392334,1.3032750112157918,1.34848127537269,1.0
7,1024,arbiter-only,faaspe,0.8345842361450195,0.975775718688965,1.0540413856506345,0.8200883865356445,0.29361987113952637,300,0,300,0,0,,matrix_depth7_size1024_arbiter-only.csv,invocations_depth7_size1024_arbiter-only.jsonl,remote,remote,1.0,0.7971525192260742,0.2638700008392334,1.0469567818154628,1.1127444203800132,1.0
7,1024,runtime-only,faaspe,1.000046730041504,1.1577606201171875,2.137837409973144,1.0100603103637695,0.36287665367126465,300,31,269,0,3,func,matrix_depth7_size1024_runtime-only.csv,invocations_depth7_size1024_runtime-only.jsonl,remote,remote,0.8966666666666666,0.7971525192260742,0.2638700008392334,1.2545237027067444,1.3752099614095672,1.0921945786111376
8,1024,local,local,1.193404197692871,1.229548454284668,1.3116216659545898,1.1650705337524414,0.3621804714202881,300,300,0,0,0,,matrix_depth8_size1024_local.csv,invocations_depth8_size1024_local.jsonl,remote,local,0.0,0.7017850875854492,0.22957563400268555,1.700526583998641,1.5776084992366888,1.6900597930568177
8,1024,remote,remote,0.7017850875854492,0.8197069168090821,0.9309291839599608,0.6899523735046387,0.22957563400268555,300,0,300,0,0,,matrix_depth8_size1024_remote.csv,invocations_depth8_size1024_remote.jsonl,remote,remote,1.0,0.7017850875854492,0.22957563400268555,1.0,1.0,1.0
8,1024,faaspe,faaspe,0.7246732711791992,0.8565664291381836,0.9639477729797363,0.7289552688598633,0.2698225975036621,300,0,300,0,0,,matrix_depth8_size1024_faaspe.csv,invocations_depth8_size1024_faaspe.jsonl,remote,remote,1.0,0.7017850875854492,0.22957563400268555,1.032614234754544,1.175310257448775,1.0
8,1024,static-only,faaspe,0.9284019470214844,1.0664701461791992,1.1220502853393555,0.9073615074157715,0.3289449214935303,300,0,300,0,0,,matrix_depth8_size1024_static-only.csv,invocations_depth8_size1024_static-only.jsonl,remote,remote,1.0,0.7017850875854492,0.22957563400268555,1.3229148972311873,1.432838998452607,1.0
8,1024,arbiter-only,faaspe,0.9703636169433594,1.0715246200561523,1.1033535003662107,0.9426474571228027,0.34376096725463867,300,0,300,0,0,,matrix_depth8_size1024_arbiter-only.csv,invocations_depth8_size1024_arbiter-only.jsonl,remote,remote,1.0,0.7017850875854492,0.22957563400268555,1.3827076609478512,1.4973756633537922,1.0
8,1024,runtime-only,faaspe,0.9413957595825195,1.1221170425415044,1.958341598510742,0.9672021865844727,0.34828901290893555,300,31,269,0,3,func,matrix_depth8_size1024_runtime-only.csv,invocations_depth8_size1024_runtime-only.jsonl,remote,remote,0.8966666666666666,0.7017850875854492,0.22957563400268555,1.3414302700866316,1.517099209687302,1.1322404484882413
